{
  "generator-jhipster": {
    "applicationType": "monolith",
    "authenticationType": "jwt",
    "baseName": "back",
    "buildTool": "maven",
    "cacheProvider": "ehcache",
    "clientFramework": "no",
    "clientTestFrameworks": null,
    "clientTheme": null,
    "creationTimestamp": 1719998083071,
    "databaseType": "sql",
    "devDatabaseType": "mysql",
    "enableHibernateCache": true,
    "enableSwaggerCodegen": false,
    "enableTranslation": false,
    "entities": [],
    "feignClient": null,
    "jhipsterVersion": "8.6.0",
    "jwtSecretKey": "YTZkYjBiODk1NGY0ZDMzNmUxM2M1ZDljNjQxYmEwOGQ2NzVhM2JlNWVlNjhmMjcxZDQ5MTBkODMwN2YwN2E4ZTRiYTllNzhjMWU0MmZmN2EzYzQxNmMzNzQ1OTA4YzUwMmZlZjE4YzI2OTNkMThiNGQ3YWI2YTgxNzZkMmI5M2Q=",
    "messageBroker": false,
    "microfrontend": null,
    "microfrontends": [],
    "nativeLanguage": "en",
    "packageName": "com.app.back",
    "prodDatabaseType": "mysql",
    "reactive": false,
    "searchEngine": false,
    "serverPort": null,
    "serverSideOptions": [],
    "serviceDiscoveryType": false,
    "skipClient": true,
    "syncUserWithIdp": null,
    "testFrameworks": [],
    "websocket": false,
    "withAdminUi": null
  }
}
